,participant,session,code,expName,date,heap.used,heap.limit,osFullName,osBrand,osVersion,gpuFullName,gpuType,browserFullName,browserBrand,browserVersion,isWebcamUsed,WebcamMessage,WebcamDevice,webcamSize,luminance,isCalibrated,monitorSize,windowSize,diagonalSize,devicePixelRatio,isPageVisible,isFullscreen,scaling,id,start time (CST),end time (CST),location,score,slow,uploaded,baseline
0,302,0,D67,dotprobe_js,2017-10-25 21:52:00,27.6MB,2190MB,Mac OS X 10.9.5,macOS,10.9.5,NVIDIA GeForce GTX 780M,dedicated,Chrome 59,Chrome,59,True,Success,FaceTime,0x0,0.4117647058823529,True,2560x1440,2560x1440,30.6,1,True,True,1,22,2017-10-25 16:55:47,2017-10-25 17:05:34,lab,10.384,False,True,2542.3256
1,302,10,D67,dotprobe_js,2017-11-13 18:07:00,24.5MB,2190MB,Windows 8.1,Microsoft Windows,8.1,Intel HD Graphics 4600,integrated,Chrome 61,Chrome,61,True,Success,C922,1280x720,0.5490196078431373,True,1920x1080,1920x1080,22.95,1,True,True,1,60,2017-11-13 12:09:30,2017-11-13 12:34:28,lab,32.696,False,True,2542.3256
2,302,11,D67,dotprobe_js,2017-11-15 16:30:00,50.4MB,2190MB,Windows 10,Microsoft Windows,10,Intel HD Graphics 4600,integrated,Chrome 61,Chrome,61,True,Success,TOSHIBA,1280x720,0.5686274509803921,True,1366x768,1366x768,16.32,1,True,True,0.9757142857142858,61,2017-11-15 10:32:25,2017-11-15 10:41:17,home,11.093,False,True,2542.3256
3,302,12,D67,dotprobe_js,2017-11-15 18:14:00,27.6MB,2190MB,Windows 8.1,Microsoft Windows,8.1,Intel HD Graphics 4600,integrated,Chrome 62,Chrome,62,True,Success,C922,1280x720,0.5490196078431373,True,1920x1080,1920x1080,22.95,1,True,True,1,64,2017-11-15 12:16:26,2017-11-15 12:41:22,lab,32.971,False,True,2542.3256
4,302,13,D67,dotprobe_js,2017-11-16 17:08:00,29.4MB,2190MB,Windows 8.1,Microsoft Windows,8.1,Intel HD Graphics 4600,integrated,Chrome 62,Chrome,62,True,Success,C922,1280x720,0.6,True,1920x1080,1920x1080,22.95,1,True,True,1,69,2017-11-16 11:11:09,2017-11-16 11:35:23,lab,33.01,False,True,2542.3256
5,302,14,D67,dotprobe_js,2017-11-17 22:51:00,50.4MB,2190MB,Windows 10,Microsoft Windows,10,Intel HD Graphics 4600,integrated,Chrome 61,Chrome,61,True,Success,TOSHIBA,1280x720,0.611764705882353,True,1366x768,1366x768,16.32,1,True,True,0.9757142857142858,78,2017-11-17 16:53:24,2017-11-19 13:09:41,home,8.9583,False,True,2542.3256
6,302,15,D67,dotprobe_js,2017-11-19 19:11:00,42.1MB,2190MB,Windows 10,Microsoft Windows,10,Intel HD Graphics 4600,integrated,Chrome 61,Chrome,61,True,Success,TOSHIBA,1280x720,0.615686274509804,True,1366x768,1366x768,16.32,1,True,True,0.9757142857142858,79,2017-11-19 13:13:21,2017-11-19 13:22:14,home,10.932,False,True,2542.3256
7,302,16,D67,dotprobe_js,2017-11-22 20:58:00,50.4MB,2190MB,Windows 10,Microsoft Windows,10,Intel HD Graphics 4600,integrated,Chrome 61,Chrome,61,True,Success,TOSHIBA,1280x720,0.5254901960784314,True,1366x768,1366x768,16.32,1,True,True,0.9757142857142858,92,2017-11-22 15:00:15,2017-11-22 15:09:03,home,10.672,False,True,2542.3256
8,302,1,D67,dotprobe_js,2017-10-30 04:25:00,50.4MB,2190MB,Windows 10,Microsoft Windows,10,Intel HD Graphics 4600,integrated,Chrome 61,Chrome,61,True,Success,TOSHIBA,1280x720,0.5647058823529412,True,1366x768,1366x768,16.32,1,True,True,0.9757142857142858,27,2017-10-29 23:27:49,2017-10-29 23:36:44,home,10.914000000000001,False,True,2542.3256
9,302,2,D67,dotprobe_js,2017-10-30 17:04:00,26MB,2190MB,Mac OS X 10.9.5,macOS,10.9.5,NVIDIA GeForce GTX 780M,dedicated,Chrome 59,Chrome,59,True,Success,FaceTime,1280x720,0.4705882352941176,True,2560x1440,2560x1440,30.6,1,True,True,1,30,2017-10-30 12:06:47,2017-10-30 12:35:12,lab,31.706999999999997,False,True,2542.3256
10,302,3,D67,dotprobe_js,2017-11-01 04:08:00,42.1MB,2190MB,Windows 10,Microsoft Windows,10,Intel HD Graphics 4600,integrated,Chrome 61,Chrome,61,True,Success,TOSHIBA,1280x720,0.611764705882353,True,1366x768,1366x768,16.32,1,True,True,0.9757142857142858,35,2017-10-31 23:11:09,2017-10-31 23:20:04,home,11.07,False,True,2542.3256
11,302,4,D67,dotprobe_js,2017-11-01 19:00:00,24.5MB,2190MB,Mac OS X 10.9.5,macOS,10.9.5,NVIDIA GeForce GTX 780M,dedicated,Chrome 59,Chrome,59,True,Success,FaceTime,0x0,0.4470588235294118,True,2560x1440,2560x1440,30.6,1,True,True,1,38,2017-11-01 14:01:55,2017-11-01 14:30:37,lab,30.096999999999998,False,True,2542.3256
12,302,5,D67,dotprobe_js,2017-11-03 22:03:00,42.1MB,2190MB,Windows 10,Microsoft Windows,10,Intel HD Graphics 4600,integrated,Chrome 61,Chrome,61,True,Success,TOSHIBA,1280x720,0.5058823529411764,True,1366x768,1366x768,16.32,1,True,True,0.9642857142857144,43,2017-11-03 17:04:59,2017-11-03 17:13:46,home,10.888,False,True,2542.3256
13,302,6,D67,dotprobe_js,2017-11-06 03:42:00,50.4MB,2190MB,Windows 10,Microsoft Windows,10,Intel HD Graphics 4600,integrated,Chrome 61,Chrome,61,True,Success,TOSHIBA,1280x720,0.5490196078431373,True,1366x768,1366x768,16.32,1,True,True,0.9642857142857144,45,2017-11-05 21:44:37,2017-11-05 21:53:24,home,10.901,False,True,2542.3256
14,302,7,D67,dotprobe_js,2017-11-06 18:13:00,29.4MB,2190MB,Windows 8.1,Microsoft Windows,8.1,Intel HD Graphics 4600,integrated,Chrome 61,Chrome,61,True,Success,C922,1280x720,0.5333333333333333,True,1920x1080,1920x1080,22.95,1,True,True,1,48,2017-11-06 12:15:52,2017-11-06 12:40:15,lab,33.275,False,True,2542.3256
15,302,8,D67,dotprobe_js,2017-11-08 02:33:00,47.4MB,2190MB,Windows 10,Microsoft Windows,10,Intel HD Graphics 4600,integrated,Chrome 61,Chrome,61,True,Success,TOSHIBA,1280x720,0.5607843137254902,True,1366x768,1366x768,16.32,1,True,True,0.9757142857142858,53,2017-11-07 20:35:57,2017-11-07 20:44:47,home,11.165,False,True,2542.3256
16,302,9,D67,dotprobe_js,2017-11-09 16:05:00,24.5MB,2190MB,Windows 8.1,Microsoft Windows,8.1,Intel HD Graphics 4600,integrated,Chrome 61,Chrome,61,True,Success,C922,1280x720,0.5411764705882353,True,1920x1080,1920x1080,22.95,1,True,True,1,57,2017-11-09 10:07:15,2017-11-09 10:32:47,lab,33.424,False,True,2542.3256
17,368,0,A00,dotprobe_js,2017-11-15 22:50:00,27.6MB,2190MB,Mac OS X 10.9.5,macOS,10.9.5,NVIDIA GeForce GTX 780M,dedicated,Chrome 61,Chrome,61,True,Success,FaceTime,1280x720,0.3333333333333333,True,2560x1440,2560x1440,30.6,1,True,True,1,65,2017-11-15 16:53:34,2017-11-15 17:04:08,lab,8.5335,True,True,1810.7383
18,368,10,A00,dotprobe_js,2017-12-01 20:11:00,33.1MB,2190MB,Windows 7,Microsoft Windows,7,Intel HD Graphics,integrated,Chrome 62,Chrome,62,True,Success,Integrated,1280x720,0.5568627450980392,True,1440x900,1440x900,17.69,1,True,True,1,107,2017-12-01 14:13:55,2017-12-01 14:23:07,home,10.477,False,True,1810.7383
19,368,11,A00,dotprobe_js,2017-12-04 21:08:00,27.6MB,2190MB,Windows 8.1,Microsoft Windows,8.1,Intel HD Graphics 4600,integrated,Chrome 62,Chrome,62,True,Success,C922,1280x720,0.5647058823529412,True,1920x1080,1920x1080,22.95,1,True,True,1,113,2017-12-04 15:09:57,2017-12-04 15:35:51,lab,32.785,False,True,1810.7383
20,368,12,A00,dotprobe_js,2017-12-06 20:41:00,27.6MB,2190MB,Windows 8.1,Microsoft Windows,8.1,Intel HD Graphics 4600,integrated,Chrome 62,Chrome,62,True,Success,C922,1280x720,0.5803921568627451,True,1920x1080,1920x1080,22.95,1,True,True,1,116,2017-12-06 14:43:49,2017-12-06 15:09:16,lab,32.008,False,True,1810.7383
21,368,13,A00,dotprobe_js,2017-12-11 21:12:00,27.6MB,2190MB,Windows 8.1,Microsoft Windows,8.1,Intel HD Graphics 4600,integrated,Chrome 63,Chrome,63,True,Success,C922,1280x720,0.6078431372549019,True,1920x1080,1920x1080,22.95,1,True,True,0.9178571428571428,122,2017-12-11 15:15:26,2017-12-11 15:39:55,lab,32.567,False,True,1810.7383
22,368,14,A00,dotprobe_js,2017-12-13 07:32:00,37.3MB,2190MB,Windows 7,Microsoft Windows,7,Intel HD Graphics,integrated,Chrome 62,Chrome,62,True,Success,Integrated,1280x720,0.3137254901960784,True,1440x900,1440x900,17.69,1,True,True,1,123,2017-12-13 01:34:31,2017-12-13 01:43:35,home,10.880999999999998,False,True,1810.7383
23,368,1,A00,dotprobe_js,2017-11-16 23:09:00,27.6MB,2190MB,Windows 8.1,Microsoft Windows,8.1,Intel HD Graphics 4600,integrated,Chrome 62,Chrome,62,True,Success,C922,1280x720,0.5568627450980392,True,1920x1080,1920x1080,22.95,1,True,True,0.6742857142857143,72,2017-11-16 17:12:05,2017-11-16 17:37:21,lab,32.693000000000005,False,True,1810.7383
24,368,2,A00,dotprobe_js,2017-11-17 23:29:00,24.5MB,2190MB,Windows 7,Microsoft Windows,7,Intel HD Graphics,integrated,Chrome 62,Chrome,62,True,Success,Integrated,1280x720,0.1803921568627451,True,1440x900,1440x900,17.69,1,True,True,1,75,2017-11-17 17:31:37,2017-11-17 17:42:04,home,10.505999999999998,False,True,1810.7383
25,368,3,A00,dotprobe_js,2017-11-19 00:46:00,33.1MB,2190MB,Windows 7,Microsoft Windows,7,Intel HD Graphics,integrated,Chrome 62,Chrome,62,True,Success,Integrated,1280x720,0.4392156862745098,True,1440x900,1440x900,17.69,1,True,True,1,77,2017-11-18 18:49:36,2017-11-18 19:00:54,home,10.671,False,True,1810.7383
26,368,4,A00,dotprobe_js,2017-11-19 23:33:00,33.1MB,2190MB,Windows 7,Microsoft Windows,7,Intel HD Graphics,integrated,Chrome 62,Chrome,62,True,Success,Integrated,1280x720,0.1529411764705882,True,1440x900,1440x900,17.69,1,True,True,1,80,2017-11-19 17:35:53,2017-11-19 17:45:03,home,10.579,False,True,1810.7383
27,368,5,A00,dotprobe_js,2017-11-20 22:41:00,27.6MB,2190MB,Windows 8.1,Microsoft Windows,8.1,Intel HD Graphics 4600,integrated,Chrome 62,Chrome,62,True,Success,C922,1280x720,0.592156862745098,True,1920x1080,1920x1080,22.95,1,True,True,1,88,2017-11-20 16:43:26,2017-11-20 17:09:12,lab,32.625,False,True,1810.7383
28,368,6,A00,dotprobe_js,2017-11-27 01:00:00,23.1MB,2190MB,Windows 7,Microsoft Windows,7,Intel HD Graphics,integrated,Chrome 62,Chrome,62,True,Success,Integrated,1280x720,0.5450980392156862,True,1440x900,1440x900,17.69,1,True,True,1,93,2017-11-26 19:03:52,2017-11-26 19:13:20,home,10.21,True,True,1810.7383
29,368,7,A00,dotprobe_js,2017-11-27 20:58:00,27.6MB,2190MB,Windows 8.1,Microsoft Windows,8.1,Intel HD Graphics 4600,integrated,Chrome 62,Chrome,62,True,Success,C922,1280x720,0.5333333333333333,True,1920x1080,1920x1080,22.95,1,True,True,1,98,2017-11-27 14:59:59,2017-11-27 15:16:27,lab,21.63,False,True,1810.7383
30,368,8,A00,dotprobe_js,2017-11-28 22:52:00,33.1MB,2190MB,Windows 7,Microsoft Windows,7,Intel HD Graphics,integrated,Chrome 62,Chrome,62,True,Success,Integrated,1280x720,0.4784313725490196,True,1440x900,1440x900,17.69,1,True,True,1,99,2017-11-28 16:57:38,2017-11-28 17:06:49,home,10.659,False,True,1810.7383
31,368,9,A00,dotprobe_js,2017-11-29 20:01:00,19.3MB,2190MB,Windows 8.1,Microsoft Windows,8.1,Intel HD Graphics 4600,integrated,Chrome 61,Chrome,61,True,Success,C922,1280x720,0.5529411764705883,True,1920x1080,1920x1080,22.95,1,True,True,1,106,2017-11-29 14:03:39,2017-11-29 14:27:18,lab,32.97,False,True,1810.7383
32,416,0,D02,dotprobe_js,2017-11-16 01:55:00,27.6MB,2190MB,Mac OS X 10.9.5,macOS,10.9.5,NVIDIA GeForce GTX 780M,dedicated,Chrome 61,Chrome,61,True,Success,FaceTime,0x0,0.3686274509803922,True,2560x1440,2560x1440,30.6,1,True,True,1,66,2017-11-15 19:58:21,2017-11-15 20:08:01,lab,9.8935,True,True,1347.8109
33,416,1,D02,dotprobe_js,2017-11-17 18:32:00,29.4MB,2190MB,Windows 10,Microsoft Windows,10,Intel HD Graphics 620,integrated,Chrome 62,Chrome,62,True,Success,HP,1280x720,0.4784313725490196,True,1536x864,1536x864,7.34,2.5,True,True,1,74,2017-11-17 12:35:36,2017-11-17 12:44:53,home,10.599,True,True,1347.8109
34,416,2,D02,dotprobe_js,2017-11-20 19:09:00,33.1MB,2190MB,Windows 10,Microsoft Windows,10,Intel HD Graphics 620,integrated,Chrome 62,Chrome,62,True,Success,HP,1280x720,0.5058823529411764,True,1536x864,1536x864,7.34,2.5,True,True,1,85,2017-11-20 13:13:40,2017-11-20 13:22:56,home,10.515999999999998,True,True,1347.8109
35,416,3,D02,dotprobe_js,2017-11-21 19:38:00,26MB,2190MB,Windows 8.1,Microsoft Windows,8.1,Intel HD Graphics 4600,integrated,Chrome 62,Chrome,62,True,Success,C922,1280x720,0.5764705882352941,True,1920x1080,1920x1080,22.95,1,True,True,1,91,2017-11-21 13:40:12,2017-11-21 14:05:59,lab,31.618000000000002,True,True,1347.8109
36,434,0,P82,dotprobe_js,2017-11-17 02:39:00,27.6MB,2190MB,Mac OS X 10.9.5,macOS,10.9.5,NVIDIA GeForce GTX 780M,dedicated,Chrome 61,Chrome,61,True,Success,FaceTime,0x0,0.3215686274509804,True,2560x1440,2560x1440,30.6,1,True,True,1,73,2017-11-16 20:43:11,2017-11-16 20:53:27,lab,9.0002,True,True,1429.3265
37,434,1,P82,dotprobe_js,2017-11-18 20:33:00,26MB,2190MB,Mac OS X 10.12.3,macOS,10.12.3,Intel Iris Graphics 6100,integrated,Chrome 62,Chrome,62,True,Success,FaceTime,1280x720,0.5137254901960784,True,1280x800,1280x800,7.86,2,True,True,0.75,76,2017-11-18 14:35:53,2017-11-18 14:45:00,home,10.466,False,True,1429.3265
38,434,2,P82,dotprobe_js,2017-11-20 06:48:00,29.4MB,2190MB,Mac OS X 10.12.3,macOS,10.12.3,Intel Iris Graphics 6100,integrated,Chrome 62,Chrome,62,True,Success,FaceTime,1280x720,0.4117647058823529,True,1280x800,1280x800,7.86,2,True,True,0.75,81,2017-11-20 00:50:35,2017-11-20 00:59:33,home,10.872,False,True,1429.3265
39,434,3,P82,dotprobe_js,2017-11-20 17:11:00,27.6MB,2190MB,Windows 8.1,Microsoft Windows,8.1,Intel HD Graphics 4600,integrated,Chrome 62,Chrome,62,True,Success,C922,1280x720,0.5725490196078431,True,1920x1080,1920x1080,22.95,1,True,True,1,84,2017-11-20 11:13:45,2017-11-20 11:39:05,lab,32.84,False,True,1429.3265
40,434,4,P82,dotprobe_js,2017-11-27 17:12:00,27.6MB,2190MB,Windows 8.1,Microsoft Windows,8.1,Intel HD Graphics 4600,integrated,Chrome 62,Chrome,62,True,Success,C922,1280x720,0.5490196078431373,True,1920x1080,1920x1080,22.95,1,True,True,1,96,2017-11-27 11:14:10,2017-11-27 11:39:18,lab,32.931,False,True,1429.3265
41,434,5,P82,dotprobe_js,2017-11-29 02:43:00,31.2MB,2190MB,Mac OS X 10.12.3,macOS,10.12.3,Intel Iris Graphics 6100,integrated,Chrome 62,Chrome,62,True,Success,FaceTime,1280x720,0.5333333333333333,True,1280x800,1280x800,7.86,2,True,True,0.75,100,2017-11-28 20:44:49,2017-11-28 20:53:47,home,10.849,False,True,1429.3265
42,434,6,P82,dotprobe_js,2017-11-29 19:12:00,27.6MB,2190MB,Windows 8.1,Microsoft Windows,8.1,Intel HD Graphics 4600,integrated,Chrome 62,Chrome,62,True,Success,C922,1280x720,0.5960784313725489,True,1920x1080,1920x1080,22.95,1,True,True,1,103,2017-11-29 13:14:09,2017-11-29 13:40:28,lab,33.115,False,True,1429.3265
43,434,7,P82,dotprobe_js,2017-12-04 17:02:00,29.4MB,2190MB,Windows 8.1,Microsoft Windows,8.1,Intel HD Graphics 4600,integrated,Chrome 62,Chrome,62,True,Success,C922,1280x720,0.5568627450980392,False,1920x1080,1920x1080,22.95,1,True,True,1,110,2017-12-04 11:05:06,2017-12-04 11:30:45,lab,32.562,False,True,1429.3265
44,434,8,P82,dotprobe_js,2017-12-11 17:55:00,27.6MB,2190MB,Windows 8.1,Microsoft Windows,8.1,Intel HD Graphics 4600,integrated,Chrome 63,Chrome,63,True,Success,C922,1280x720,0.592156862745098,True,1920x1080,1920x1080,22.95,1,True,True,0.9178571428571428,119,2017-12-11 11:56:44,2017-12-11 12:22:41,lab,32.74,False,True,1429.3265
45,53,0,R39,dotprobe_js,2017-10-14 00:14:00,26MB,2190MB,Mac OS X 10.9.5,macOS,10.9.5,NVIDIA GeForce GTX 780M,dedicated,Chrome 59,Chrome,59,True,Success,FaceTime,0x0,0.3921568627450979,True,2560x1440,2560x1440,30.6,1,True,True,0.8907142857142857,3,2017-10-13 19:17:27,2017-10-13 19:26:57,lab,10.177999999999999,False,True,1027.8773
46,53,10,R39,dotprobe_js,2017-10-26 20:43:00,26MB,2190MB,Mac OS X 10.9.5,macOS,10.9.5,NVIDIA GeForce GTX 780M,dedicated,Chrome 59,Chrome,59,True,Success,FaceTime,0x0,0.4,True,2560x1440,2560x1440,30.6,1,True,True,1,25,2017-10-26 15:45:13,2017-10-26 16:12:49,lab,29.843000000000004,False,True,1027.8773
47,53,11,R39,dotprobe_js,2017-10-27 21:15:00,37.3MB,2190MB,Windows 10,Microsoft Windows,10,Intel HD Graphics 5500,integrated,Chrome 61,Chrome,61,True,Success,HD,1280x720,0.4666666666666667,True,1366x768,1366x768,16.32,1,True,True,0.9757142857142858,26,2017-10-27 16:18:17,2017-10-27 16:27:16,home,10.837,False,True,1027.8773
48,53,12,R39,dotprobe_js,2017-10-30 19:17:00,21.7MB,2190MB,Windows 10,Microsoft Windows,10,Intel HD Graphics 5500,integrated,Chrome 61,Chrome,61,True,Success,HD,1280x720,0.4862745098039215,True,1366x768,1366x768,16.32,1,True,True,0.9757142857142858,31,2017-10-30 14:19:38,2017-10-30 14:28:42,home,10.550999999999998,False,True,1027.8773
49,53,13,R39,dotprobe_js,2017-10-31 16:34:00,26MB,2190MB,Mac OS X 10.9.5,macOS,10.9.5,NVIDIA GeForce GTX 780M,dedicated,Chrome 59,Chrome,59,True,Success,FaceTime,1280x720,0.4274509803921568,True,2560x1440,2560x1440,30.6,1,True,True,1,34,2017-10-31 11:36:03,2017-10-31 12:02:11,lab,30.729,False,True,1027.8773
50,53,14,R39,dotprobe_js,2017-11-01 21:45:00,21.7MB,2190MB,Windows 10,Microsoft Windows,10,Intel HD Graphics 5500,integrated,Chrome 61,Chrome,61,True,Success,HD,1280x720,0.396078431372549,True,1366x768,1366x768,16.32,1,True,True,0.9757142857142858,39,2017-11-01 16:47:56,2017-11-01 16:57:06,home,10.735999999999999,False,True,1027.8773
51,53,15,R39,dotprobe_js,2017-11-02 18:34:00,27.6MB,2190MB,Windows 8.1,Microsoft Windows,8.1,Intel HD Graphics 4600,integrated,Chrome 61,Chrome,61,True,Success,C922,1280x720,0.5215686274509804,False,1920x1080,1920x1080,22.95,1,True,True,0.7178571428571429,42,2017-11-02 13:37:27,2017-11-02 14:02:00,lab,33.211,False,True,1027.8773
52,53,16,R39,dotprobe_js,2017-11-03 22:59:00,20.5MB,2190MB,Windows 10,Microsoft Windows,10,Intel HD Graphics 5500,integrated,Chrome 61,Chrome,61,True,Success,HD,1280x720,0.4392156862745098,True,1366x768,1366x768,16.32,1,True,True,0.9771428571428572,44,2017-11-03 18:02:05,2017-11-03 18:11:20,home,10.734000000000002,False,True,1027.8773
53,53,17,R39,dotprobe_js,2017-11-06 22:00:00,21.7MB,2190MB,Windows 10,Microsoft Windows,10,Intel HD Graphics 5500,integrated,Chrome 61,Chrome,61,True,Success,HD,1280x720,0.4705882352941176,True,1366x768,1366x768,16.32,1,True,True,0.9771428571428572,49,2017-11-06 16:01:55,2017-11-06 16:10:50,home,11.065,False,True,1027.8773
54,53,18,R39,dotprobe_js,2017-11-07 17:40:00,27.6MB,2190MB,Windows 8.1,Microsoft Windows,8.1,Intel HD Graphics 4600,integrated,Chrome 61,Chrome,61,True,Success,C922,1280x720,0.5568627450980392,True,1920x1080,1920x1080,22.95,1,True,True,1,52,2017-11-07 11:42:05,2017-11-07 12:06:23,lab,32.887,False,True,1027.8773
55,53,19,R39,dotprobe_js,2017-11-08 20:27:00,35.1MB,2190MB,Windows 10,Microsoft Windows,10,Intel HD Graphics 5500,integrated,Chrome 61,Chrome,61,True,Success,HD,1280x720,0.4274509803921568,True,1366x768,1366x768,16.32,1,True,True,0.9628571428571427,54,2017-11-08 14:29:50,2017-11-08 14:38:52,home,10.696,False,True,1027.8773
56,53,1,R39,dotprobe_js,2017-10-16 02:51:00,26MB,2190MB,Windows 10,Microsoft Windows,10,Intel HD Graphics 5500,integrated,Chrome 61,Chrome,61,True,Success,HD,1280x720,0.4431372549019607,True,1366x768,1366x768,16.32,1,True,True,0.9757142857142858,4,2017-10-15 21:53:54,2017-10-15 22:02:55,home,10.904000000000002,False,True,1027.8773
57,53,2,R39,dotprobe_js,2017-10-16 20:25:00,26MB,2190MB,Windows 10,Microsoft Windows,10,Intel HD Graphics 5500,integrated,Chrome 61,Chrome,61,True,Success,HD,1280x720,0.4549019607843137,True,1366x768,1366x768,16.32,1,True,True,0.9757142857142858,5,2017-10-16 15:27:11,2017-10-16 15:36:06,home,10.924000000000001,False,True,1027.8773
58,53,3,R39,dotprobe_js,2017-10-17 17:01:00,27.6MB,2190MB,Mac OS X 10.9.5,macOS,10.9.5,NVIDIA GeForce GTX 780M,dedicated,Chrome 59,Chrome,59,True,Success,FaceTime,0x0,0.4705882352941176,True,2560x1440,2560x1440,30.6,1,True,True,1,8,2017-10-17 12:03:13,2017-10-17 12:29:48,lab,30.179000000000002,False,True,1027.8773
59,53,4,R39,dotprobe_js,2017-10-18 20:06:00,29.4MB,2190MB,Windows 10,Microsoft Windows,10,Intel HD Graphics 5500,integrated,Chrome 61,Chrome,61,True,Success,HD,1280x720,0.4862745098039215,True,1366x768,1366x768,16.32,1,True,True,0.9757142857142858,10,2017-10-18 15:08:14,2017-10-18 15:17:07,home,10.776,False,True,1027.8773
60,53,5,R39,dotprobe_js,2017-10-19 20:02:00,27.6MB,2190MB,Mac OS X 10.9.5,macOS,10.9.5,NVIDIA GeForce GTX 780M,dedicated,Chrome 59,Chrome,59,True,Success,FaceTime,0x0,0.4588235294117647,True,2560x1440,2560x1440,30.6,1,True,True,1,14,2017-10-19 15:04:01,2017-10-19 15:30:56,lab,29.845,False,True,1027.8773
61,53,6,R39,dotprobe_js,2017-10-21 02:07:00,21.7MB,2190MB,Windows 10,Microsoft Windows,10,Intel HD Graphics 5500,integrated,Chrome 61,Chrome,61,True,Success,HD,1280x720,0.2666666666666666,True,1366x768,1366x768,16.32,1,True,True,0.9757142857142858,15,2017-10-20 21:10:00,2017-10-20 21:19:03,home,10.897,False,True,1027.8773
62,53,7,R39,dotprobe_js,2017-10-23 19:50:00,20.5MB,2190MB,Windows 10,Microsoft Windows,10,Intel HD Graphics 5500,integrated,Chrome 61,Chrome,61,True,Success,HD,1280x720,0.5098039215686274,True,1366x768,1366x768,16.32,1,True,True,0.9757142857142858,17,2017-10-23 14:53:05,2017-10-23 15:02:37,home,10.072000000000001,False,True,1027.8773
63,53,8,R39,dotprobe_js,2017-10-24 16:31:00,27.6MB,2190MB,Mac OS X 10.9.5,macOS,10.9.5,NVIDIA GeForce GTX 780M,dedicated,Chrome 59,Chrome,59,True,Success,FaceTime,1280x720,0.4274509803921568,True,2560x1440,2560x1440,30.6,1,True,True,1,20,2017-10-24 11:33:20,2017-10-24 12:00:22,lab,29.875999999999998,False,True,1027.8773
64,53,9,R39,dotprobe_js,2017-10-25 19:10:00,23.1MB,2190MB,Windows 10,Microsoft Windows,10,Intel HD Graphics 5500,integrated,Chrome 61,Chrome,61,True,Success,HD,1280x720,0.4862745098039215,True,1366x768,1366x768,16.32,1,True,True,0.9757142857142858,21,2017-10-25 14:12:52,2017-10-25 14:21:52,home,10.638,False,True,1027.8773
65,584,0,L31,dotprobe_js,2018-01-31 23:19:00,27.6MB,2190MB,Mac OS X 10.12.5,macOS,10.12.5,Intel HD Graphics 4000,integrated,Chrome 63,Chrome,63,True,Success,FaceTime,0x0,-1,False,1280x800,1280x800,15.72,1,True,True,0.73,130,2018-01-31 17:24:17,2018-01-31 17:33:10,home,11.15,False,True,1361.0537
66,584,10,L31,dotprobe_js,2018-02-20 18:22:00,33.1MB,2190MB,Chrome OS 10032.86,Chrome OS,10032.86,Intel Haswell Mobile,integrated,Chrome 63,Chrome,63,True,Success,HD,1280x720,0.3058823529411765,True,1366x768,1366x621,16.32,1,True,True,0.9757142857142858,234,2018-02-20 14:01:06,2018-02-20 14:10:07,home,10.007,False,True,1361.0537
67,584,11,L31,dotprobe_js,2018-02-20 22:40:00,24.5MB,2190MB,Windows 8.1,Microsoft Windows,8.1,Intel HD Graphics 4600,integrated,Chrome 63,Chrome,63,True,Success,C922,1280x720,0.5843137254901961,True,1920x1080,1920x1080,22.95,1,True,True,1,237,2018-02-20 16:42:13,2018-02-20 17:07:16,lab,32.131,False,True,1361.0537
68,584,12,L31,dotprobe_js,2018-02-21 21:09:00,27.6MB,2190MB,Windows 8.1,Microsoft Windows,8.1,Intel HD Graphics 4600,integrated,Chrome 63,Chrome,63,True,Success,C922,1280x720,0.5607843137254902,True,1920x1080,1920x1080,22.95,1,True,True,1,248,2018-02-21 15:11:32,2018-02-21 15:35:58,lab,32.383,False,True,1361.0537
69,584,13,L31,dotprobe_js,2018-02-27 20:06:00,31.2MB,2190MB,Chrome OS 10176.68,Chrome OS,10176.68,Intel Haswell Mobile,integrated,Chrome 64,Chrome,64,True,Success,HD,1280x720,0.2901960784313726,True,1366x768,1366x768,16.32,1,True,True,0.9757142857142858,291,2018-02-27 14:07:43,2018-02-27 14:16:50,home,9.9654,False,True,1361.0537
70,584,1,L31,dotprobe_js,2018-02-02 21:58:00,31.2MB,2190MB,Chrome OS 10032.75,Chrome OS,10032.75,Intel Haswell Mobile,integrated,Chrome 63,Chrome,63,True,Success,HD,1280x720,0.4,True,1366x768,1366x768,16.32,1,True,True,0.9757142857142858,134,2018-02-02 16:00:27,2018-02-02 16:09:39,home,10.408,False,True,1361.0537
71,584,2,L31,dotprobe_js,2018-02-03 21:20:00,31.2MB,2190MB,Chrome OS 10032.75,Chrome OS,10032.75,Intel Haswell Mobile,integrated,Chrome 63,Chrome,63,True,Success,HD,1280x720,0.3607843137254902,True,1366x768,1366x768,16.32,1,True,True,0.9757142857142858,136,2018-02-03 15:21:55,2018-02-03 15:31:04,home,10.536,False,True,1361.0537
72,584,3,L31,dotprobe_js,2018-02-05 21:15:00,29.4MB,2190MB,Windows 8.1,Microsoft Windows,8.1,Intel HD Graphics 4600,integrated,Chrome 63,Chrome,63,True,Success,C922,1280x720,0.5843137254901961,True,1920x1080,1920x1080,22.95,1,True,True,1,144,2018-02-05 15:17:15,2018-02-05 15:41:36,lab,33.022,False,True,1361.0537
73,584,4,L31,dotprobe_js,2018-02-06 21:00:00,27.6MB,2190MB,Windows 8.1,Microsoft Windows,8.1,Intel HD Graphics 4600,integrated,Chrome 63,Chrome,63,True,Success,C922,1280x720,0.5843137254901961,True,1920x1080,1920x1080,22.95,1,True,True,1,150,2018-02-06 15:02:40,2018-02-06 15:28:10,lab,32.029,False,True,1361.0537
74,584,5,L31,dotprobe_js,2018-02-12 21:10:00,27.6MB,2190MB,Windows 8.1,Microsoft Windows,8.1,Intel HD Graphics 4600,integrated,Chrome 63,Chrome,63,True,Success,C922,1280x720,0.5568627450980392,True,1920x1080,1920x1080,22.95,1,True,True,1,185,2018-02-12 15:13:33,2018-02-12 15:37:45,lab,33.427,False,True,1361.0537
75,584,6,L31,dotprobe_js,2018-02-13 22:04:00,26MB,2190MB,Windows 8.1,Microsoft Windows,8.1,Intel HD Graphics 4600,integrated,Chrome 63,Chrome,63,True,Success,C922,1280x720,0.6,True,1920x1080,1920x1080,22.95,1,True,True,1,201,2018-02-13 16:06:20,2018-02-13 16:31:35,lab,32.217,False,True,1361.0537
76,584,7,L31,dotprobe_js,2018-02-19 20:52:00,31.2MB,2190MB,Chrome OS 10032.86,Chrome OS,10032.86,Intel Haswell Mobile,integrated,Chrome 63,Chrome,63,True,Success,HD,1280x720,0.3764705882352941,True,1366x768,1366x768,16.32,1,True,True,0.9757142857142858,222,2018-02-19 15:02:05,2018-02-19 15:11:16,home,10.495,False,True,1361.0537
77,584,8,L31,dotprobe_js,2018-02-19 21:31:00,31.2MB,2190MB,Chrome OS 10032.86,Chrome OS,10032.86,Intel Haswell Mobile,integrated,Chrome 63,Chrome,63,True,Success,HD,1280x720,0.2862745098039215,True,1366x768,1366x768,16.32,1,True,True,0.9757142857142858,223,2018-02-19 15:33:36,2018-02-19 15:43:36,home,10.245,False,True,1361.0537
78,584,9,L31,dotprobe_js,2018-02-19 21:47:00,29.4MB,2190MB,Chrome OS 10032.86,Chrome OS,10032.86,Intel Haswell Mobile,integrated,Chrome 63,Chrome,63,True,Success,HD,1280x720,0.2588235294117647,True,1366x768,1366x768,16.32,1,True,True,0.9757142857142858,224,2018-02-19 15:49:31,2018-02-19 15:58:57,home,10.514000000000001,False,True,1361.0537
79,609,0,B46,dotprobe_js,2018-01-30 01:25:00,27.6MB,2190MB,Mac OS X 10.9.5,macOS,10.9.5,NVIDIA GeForce GTX 780M,dedicated,Chrome 63,Chrome,63,True,Success,FaceTime,0x0,0.3764705882352941,True,2560x1440,2560x1440,30.6,1,True,True,1,124,2018-01-29 19:27:38,2018-01-29 19:37:49,lab,8.4884,False,True,1086.7819
80,609,10,B46,dotprobe_js,2018-02-13 23:06:00,44.7MB,2190MB,Windows 10,Microsoft Windows,10,Intel HD Graphics 620,integrated,Chrome 63,Chrome,63,True,Success,EasyCamera,1280x720,0.4627450980392157,True,1280x720,1280x720,10.2,1.5,True,True,0.9142857142857144,203,2018-02-13 17:08:04,2018-02-13 17:16:54,home,11.012,False,True,1086.7819
81,609,11,B46,dotprobe_js,2018-02-14 16:10:00,24.5MB,2190MB,Windows 8.1,Microsoft Windows,8.1,Intel HD Graphics 4600,integrated,Chrome 63,Chrome,63,True,Success,C922,1280x720,0.5686274509803921,True,1920x1080,1920x1080,22.95,1,True,True,1,207,2018-02-14 10:11:58,2018-02-14 10:36:46,lab,31.706,False,True,1086.7819
82,609,12,B46,dotprobe_js,2018-02-15 23:17:00,24.5MB,2190MB,Windows 10,Microsoft Windows,10,Intel HD Graphics 620,integrated,Chrome 63,Chrome,63,True,Success,EasyCamera,1280x720,0.4705882352941176,True,1280x720,1280x720,10.2,1.5,True,True,0.9142857142857144,214,2018-02-15 17:20:28,2018-02-15 17:29:20,home,10.808,False,True,1086.7819
83,609,13,B46,dotprobe_js,2018-02-19 16:49:00,27.6MB,2190MB,Windows 8.1,Microsoft Windows,8.1,Intel HD Graphics 4600,integrated,Chrome 63,Chrome,63,True,Success,C922,1280x720,0.5725490196078431,True,1920x1080,1920x1080,22.95,1,True,True,1,221,2018-02-19 10:51:33,2018-02-19 11:15:56,lab,32.652,False,True,1086.7819
84,609,14,B46,dotprobe_js,2018-02-21 01:13:00,42.1MB,2190MB,Windows 10,Microsoft Windows,10,Intel HD Graphics 620,integrated,Chrome 63,Chrome,63,True,Success,EasyCamera,1280x720,0.4588235294117647,True,1280x720,1280x615,10.2,1.5,True,True,0.9142857142857144,241,2018-02-20 19:16:03,2018-02-20 19:25:12,home,10.198,False,True,1086.7819
85,609,1,B46,dotprobe_js,2018-01-30 21:43:00,33.1MB,2190MB,Windows 10,Microsoft Windows,10,Intel HD Graphics 620,integrated,Chrome 63,Chrome,63,True,Success,EasyCamera,1280x720,0.4235294117647059,True,1280x720,1280x720,10.2,1.5,True,True,0.9142857142857144,125,2018-01-30 15:44:58,2018-01-30 15:53:52,home,10.895999999999999,False,True,1086.7819
86,609,2,B46,dotprobe_js,2018-01-31 16:24:00,27.6MB,2190MB,Windows 8.1,Microsoft Windows,8.1,Intel HD Graphics 4600,integrated,Chrome 63,Chrome,63,True,Success,C922,1280x720,0.5490196078431373,True,1920x1080,1920x1080,22.95,1,True,True,1,129,2018-01-31 10:26:17,2018-01-31 10:50:39,lab,32.496,False,True,1086.7819
87,609,3,B46,dotprobe_js,2018-02-01 21:38:00,44.7MB,2190MB,Windows 10,Microsoft Windows,10,Intel HD Graphics 620,integrated,Chrome 63,Chrome,63,True,Success,EasyCamera,1280x720,0.4823529411764706,False,1280x720,1280x720,10.2,1.5,True,True,0.9142857142857144,131,2018-02-01 15:41:01,2018-02-01 15:49:55,home,10.658,False,True,1086.7819
88,609,4,B46,dotprobe_js,2018-02-05 16:46:00,29.4MB,2190MB,Windows 8.1,Microsoft Windows,8.1,Intel HD Graphics 4600,integrated,Chrome 63,Chrome,63,True,Success,C922,1280x720,0.5529411764705883,True,1920x1080,1920x1080,22.95,1,True,True,1,139,2018-02-05 10:47:55,2018-02-05 11:12:02,lab,33.177,False,True,1086.7819
89,609,5,B46,dotprobe_js,2018-02-06 21:58:00,44.7MB,2190MB,Windows 10,Microsoft Windows,10,Intel HD Graphics 620,integrated,Chrome 63,Chrome,63,True,Success,EasyCamera,1280x720,0.2313725490196078,True,1280x720,1280x720,10.2,1.5,True,True,0.9142857142857144,151,2018-02-06 16:00:42,2018-02-06 16:09:31,home,10.669,False,True,1086.7819
90,609,6,B46,dotprobe_js,2018-02-07 19:09:00,44.7MB,2190MB,Windows 10,Microsoft Windows,10,Intel HD Graphics 620,integrated,Chrome 63,Chrome,63,True,Success,EasyCamera,1280x720,0.4941176470588235,True,1280x720,1280x720,10.2,1.5,True,True,0.9142857142857144,156,2018-02-07 13:11:13,2018-02-07 13:20:03,home,10.828,False,True,1086.7819
91,609,7,B46,dotprobe_js,2018-02-08 22:41:00,24.5MB,2190MB,Windows 10,Microsoft Windows,10,Intel HD Graphics 620,integrated,Chrome 63,Chrome,63,True,Success,EasyCamera,1280x720,0.3019607843137254,True,1280x720,1280x615,10.2,1.5,True,True,0.9142857142857144,161,2018-02-08 16:43:50,2018-02-08 16:52:38,home,11.181,False,True,1086.7819
92,609,8,B46,dotprobe_js,2018-02-11 18:46:00,44.7MB,2190MB,Windows 10,Microsoft Windows,10,Intel HD Graphics 620,integrated,Chrome 63,Chrome,63,True,Success,EasyCamera,1280x720,0.4588235294117647,True,1280x720,1280x720,10.2,1.5,True,True,0.9142857142857144,173,2018-02-11 12:48:06,2018-02-11 12:57:17,home,10.273,True,True,1086.7819
93,609,9,B46,dotprobe_js,2018-02-12 16:01:00,24.5MB,2190MB,Windows 8.1,Microsoft Windows,8.1,Intel HD Graphics 4600,integrated,Chrome 63,Chrome,63,True,Success,C922,1280x720,0.592156862745098,True,1920x1080,1920x1080,22.95,1,True,True,1,179,2018-02-12 10:02:59,2018-02-12 10:27:47,lab,31.92,False,True,1086.7819
94,626,0,A14,dotprobe_js,2018-02-02 05:09:00,33.1MB,2190MB,Windows 10,Microsoft Windows,10,Intel HD Graphics 520,integrated,Chrome 63,Chrome,63,True,Success,HD,1280x720,0.4588235294117647,True,1536x864,1536x864,14.69,1.25,True,True,1,133,2018-02-01 23:11:36,2018-02-01 23:21:04,home,10.487,True,True,1342.8354
95,626,10,A14,dotprobe_js,2018-02-20 17:16:00,29.4MB,2190MB,Windows 8.1,Microsoft Windows,8.1,Intel HD Graphics 4600,integrated,Chrome 63,Chrome,63,True,Success,C922,1280x720,0.5450980392156862,True,1920x1080,1920x1080,22.95,1,True,True,1,233,2018-02-20 11:18:12,2018-02-20 11:42:32,lab,32.238,False,True,1342.8354
96,626,11,A14,dotprobe_js,2018-02-22 05:57:00,33.1MB,2190MB,Windows 10,Microsoft Windows,10,Intel HD Graphics 520,integrated,Chrome 64,Chrome,64,True,Success,HD,1280x720,0.4509803921568627,True,1536x864,1536x864,14.69,1.25,True,True,1,254,2018-02-21 23:59:01,2018-02-22 00:08:04,home,10.352,False,True,1342.8354
97,626,12,A14,dotprobe_js,2018-02-22 23:40:00,29.4MB,2190MB,Windows 8.1,Microsoft Windows,8.1,Intel HD Graphics 4600,integrated,Chrome 63,Chrome,63,True,Success,C922,1280x720,0.5803921568627451,True,1920x1080,1920x1080,22.95,1,True,True,1,263,2018-02-22 17:42:19,2018-02-22 18:06:50,lab,32.366,False,True,1342.8354
98,626,13,A14,dotprobe_js,2018-02-24 18:26:00,31.2MB,2190MB,Windows 10,Microsoft Windows,10,Intel HD Graphics 520,integrated,Chrome 64,Chrome,64,True,Success,HD,1280x720,0.4509803921568627,True,1536x864,1536x864,14.69,1.25,True,True,1,275,2018-02-24 12:28:05,2018-02-24 12:37:37,home,10.16,True,True,1342.8354
99,626,14,A14,dotprobe_js,2018-02-25 19:05:00,27.6MB,2190MB,Windows 10,Microsoft Windows,10,Intel HD Graphics 520,integrated,Chrome 64,Chrome,64,True,Success,HD,1280x720,0.2901960784313726,True,1536x864,1536x864,14.69,1.25,True,True,1,279,2018-02-25 13:07:46,2018-02-25 13:17:12,home,10.347999999999999,True,True,1342.8354
100,626,15,A14,dotprobe_js,2018-02-26 17:07:00,29.4MB,2190MB,Windows 8.1,Microsoft Windows,8.1,Intel HD Graphics 4600,integrated,Chrome 64,Chrome,64,True,Success,C922,1280x720,0.5882352941176471,True,1920x1080,1920x1080,22.95,1,True,True,1,284,2018-02-26 11:08:54,2018-02-26 11:34:31,lab,31.589000000000002,True,True,1342.8354
101,626,1,A14,dotprobe_js,2018-02-02 22:22:00,31.2MB,2190MB,Windows 10,Microsoft Windows,10,Intel HD Graphics 520,integrated,Chrome 63,Chrome,63,True,Success,HD,1280x720,0.3294117647058823,True,1536x864,1536x864,14.69,1.25,True,True,1,135,2018-02-02 16:24:09,2018-02-02 16:33:42,home,10.56,True,True,1342.8354
102,626,2,A14,dotprobe_js,2018-02-05 16:59:00,27.6MB,2190MB,Windows 8.1,Microsoft Windows,8.1,Intel HD Graphics 4600,integrated,Chrome 63,Chrome,63,True,Success,C922,1280x720,0.5725490196078431,True,1920x1080,1920x1080,22.95,1,True,True,1,141,2018-02-05 11:01:24,2018-02-05 11:18:02,lab,22.156999999999996,False,True,1342.8354
103,626,3,A14,dotprobe_js,2018-02-06 23:33:00,29.4MB,2190MB,Windows 8.1,Microsoft Windows,8.1,Intel HD Graphics 4600,integrated,Chrome 63,Chrome,63,True,Success,C922,1280x720,0.5843137254901961,True,1920x1080,1920x1080,22.95,1,True,True,1,154,2018-02-06 17:35:42,2018-02-06 18:01:52,lab,32.424,False,True,1342.8354
104,626,4,A14,dotprobe_js,2018-02-08 01:19:00,16.1MB,2190MB,Windows 10,Microsoft Windows,10,Intel HD Graphics 520,integrated,Chrome 64,Chrome,64,True,Success,HD,1280x720,0.4431372549019607,True,1536x864,1536x864,14.69,1.25,True,True,1,160,2018-02-07 19:22:05,2018-02-07 19:31:46,home,10.175,True,True,1342.8354
105,626,5,A14,dotprobe_js,2018-02-09 04:52:00,29.4MB,2190MB,Windows 10,Microsoft Windows,10,Intel HD Graphics 520,integrated,Chrome 64,Chrome,64,True,Success,HD,1280x720,0.4627450980392157,True,1536x864,1536x864,14.69,1.25,True,True,1,166,2018-02-08 22:54:00,2018-02-08 23:04:07,home,10.937000000000001,False,True,1342.8354
106,626,6,A14,dotprobe_js,2018-02-09 19:18:00,29.4MB,2190MB,Windows 10,Microsoft Windows,10,Intel HD Graphics 520,integrated,Chrome 64,Chrome,64,True,Success,HD,1280x720,0.4901960784313725,True,1536x864,1536x864,14.69,1.25,True,True,1,167,2018-02-09 13:20:41,2018-02-09 13:29:39,home,10.626,False,True,1342.8354
107,626,7,A14,dotprobe_js,2018-02-12 17:10:00,24.5MB,2190MB,Windows 8.1,Microsoft Windows,8.1,Intel HD Graphics 4600,integrated,Chrome 63,Chrome,63,True,Success,C922,1280x720,0.5647058823529412,True,1920x1080,1920x1080,22.95,1,True,True,1,182,2018-02-12 11:12:14,2018-02-12 11:36:36,lab,31.991999999999997,False,True,1342.8354
108,626,8,A14,dotprobe_js,2018-02-13 16:30:00,29.4MB,2190MB,Windows 8.1,Microsoft Windows,8.1,Intel HD Graphics 4600,integrated,Chrome 63,Chrome,63,True,Success,C922,1280x720,0.5411764705882353,True,1920x1080,1920x1080,22.95,1,True,True,1,195,2018-02-13 10:32:15,2018-02-13 10:56:31,lab,32.914,False,True,1342.8354
109,626,9,A14,dotprobe_js,2018-02-20 04:24:00,31.2MB,2190MB,Windows 10,Microsoft Windows,10,Intel HD Graphics 520,integrated,Chrome 64,Chrome,64,True,Success,HD,1280x720,0.4549019607843137,True,1536x864,1536x864,14.69,1.25,True,True,1,229,2018-02-19 22:27:36,2018-02-19 22:37:52,home,10.331,True,True,1342.8354
110,706,0,V15,dotprobe_js,2018-01-31 01:13:00,27.6MB,2190MB,Mac OS X 10.9.5,macOS,10.9.5,NVIDIA GeForce GTX 780M,dedicated,Chrome 63,Chrome,63,True,Success,FaceTime,0x0,0.3294117647058823,True,2560x1440,2560x1440,30.6,1,True,True,1,126,2018-01-30 19:16:59,2018-01-30 19:27:43,lab,8.195,True,True,982.22
111,706,10,V15,dotprobe_js,2018-02-14 02:17:00,39.6MB,2190MB,Windows 10,Microsoft Windows,10,Intel HD Graphics 620,integrated,Chrome 63,Chrome,63,True,Success,EasyCamera,1280x720,0.5568627450980392,True,1536x864,1536x864,14.69,1.25,True,True,1,204,2018-02-13 20:21:01,2018-02-13 20:31:12,home,11.206,False,True,982.22
112,706,11,V15,dotprobe_js,2018-02-16 05:29:00,39.6MB,2190MB,Windows 10,Microsoft Windows,10,Intel HD Graphics 620,integrated,Chrome 63,Chrome,63,True,Success,EasyCamera,1280x720,0.4549019607843137,True,1536x864,1536x864,14.69,1.25,True,True,1,215,2018-02-15 23:33:46,2018-02-15 23:44:29,home,11.056,False,True,982.22
113,706,12,V15,dotprobe_js,2018-02-16 23:02:00,39.6MB,2190MB,Windows 10,Microsoft Windows,10,Intel HD Graphics 620,integrated,Chrome 63,Chrome,63,True,Success,EasyCamera,1280x720,0.4509803921568627,True,1536x864,1536x864,14.69,1.25,True,True,1,216,2018-02-16 17:05:53,2018-02-16 17:18:08,home,11.064,False,True,982.22
114,706,13,V15,dotprobe_js,2018-02-18 05:52:00,39.6MB,2190MB,Windows 10,Microsoft Windows,10,Intel HD Graphics 620,integrated,Chrome 63,Chrome,63,True,Success,EasyCamera,1280x720,0.4588235294117647,True,1536x864,1536x864,14.69,1.25,True,True,1,218,2018-02-17 23:54:27,2018-02-18 00:03:21,home,11.030999999999999,False,True,982.22
115,706,14,V15,dotprobe_js,2018-02-22 05:05:00,39.6MB,2190MB,Windows 10,Microsoft Windows,10,Intel HD Graphics 620,integrated,Chrome 63,Chrome,63,True,Success,EasyCamera,1280x720,0.4431372549019607,True,1536x864,1536x864,14.69,1.25,True,True,1,253,2018-02-21 23:08:16,2018-02-21 23:17:33,home,10.414000000000001,False,True,982.22
116,706,15,V15,dotprobe_js,2018-02-22 23:13:00,24.5MB,2190MB,Windows 8.1,Microsoft Windows,8.1,Intel HD Graphics 4600,integrated,Chrome 63,Chrome,63,True,Success,C922,1280x720,0.5686274509803921,True,1920x1080,1920x1080,22.95,1,True,True,1,262,2018-02-22 17:16:12,2018-02-22 17:47:01,lab,31.355,False,True,982.22
117,706,16,V15,dotprobe_js,2018-02-23 20:32:00,27.6MB,2190MB,Windows 8.1,Microsoft Windows,8.1,Intel HD Graphics 4600,integrated,Chrome 64,Chrome,64,True,Success,C922,1280x720,0.5764705882352941,True,1920x1080,1920x1080,22.95,1,True,True,1,273,2018-02-23 14:36:24,2018-02-23 15:04:04,lab,32.876,False,True,982.22
118,706,17,V15,dotprobe_js,2018-02-26 00:26:00,18.2MB,2190MB,Windows 10,Microsoft Windows,10,Intel HD Graphics 620,integrated,Chrome 63,Chrome,63,True,Success,EasyCamera,1280x720,0.4588235294117647,True,1536x864,1536x864,14.69,1.25,True,True,1,281,2018-02-25 18:28:50,2018-02-25 18:37:43,home,10.888,False,True,982.22
119,706,18,V15,dotprobe_js,2018-02-26 23:18:00,20.5MB,2190MB,Windows 10,Microsoft Windows,10,Intel HD Graphics 620,integrated,Chrome 63,Chrome,63,True,Success,EasyCamera,1280x720,0.5647058823529412,False,1536x864,1536x864,14.69,1.25,True,True,1,288,2018-02-26 17:26:29,2018-02-26 17:37:54,home,10.782,False,True,982.22
120,706,1,V15,dotprobe_js,2018-02-02 04:29:00,18.2MB,2190MB,Windows 10,Microsoft Windows,10,Intel HD Graphics 620,integrated,Chrome 63,Chrome,63,True,Success,EasyCamera,1280x720,0.4392156862745098,False,1536x864,1536x864,14.69,1.25,True,True,1,132,2018-02-01 22:32:52,2018-02-01 22:42:04,home,10.779000000000002,True,True,982.22
121,706,2,V15,dotprobe_js,2018-02-05 22:11:00,29.4MB,2190MB,Windows 8.1,Microsoft Windows,8.1,Intel HD Graphics 4600,integrated,Chrome 63,Chrome,63,True,Success,C922,1280x720,0.5764705882352941,True,1920x1080,1920x1080,22.95,1,True,True,1,147,2018-02-05 16:14:05,2018-02-05 16:42:14,lab,31.752,True,True,982.22
122,706,3,V15,dotprobe_js,2018-02-07 02:54:00,18.2MB,2190MB,Windows 10,Microsoft Windows,10,Intel HD Graphics 620,integrated,Chrome 63,Chrome,63,True,Success,EasyCamera,1280x720,0.4549019607843137,True,1536x864,1536x864,14.69,1.25,True,True,1,155,2018-02-06 20:57:14,2018-02-06 21:06:24,home,10.558,False,True,982.22
123,706,4,V15,dotprobe_js,2018-02-07 20:00:00,27.6MB,2190MB,Windows 8.1,Microsoft Windows,8.1,Intel HD Graphics 4600,integrated,Chrome 63,Chrome,63,True,Success,C922,1280x720,0.5764705882352941,True,1920x1080,1920x1080,22.95,1,True,True,1,159,2018-02-07 14:02:40,2018-02-07 14:29:42,lab,32.721,False,True,982.22
124,706,5,V15,dotprobe_js,2018-02-08 23:00:00,24.5MB,2190MB,Windows 8.1,Microsoft Windows,8.1,Intel HD Graphics 4600,integrated,Chrome 63,Chrome,63,True,Success,C922,1280x720,0.6,True,1920x1080,1920x1080,22.95,1,True,True,1,164,2018-02-08 17:03:29,2018-02-08 17:30:31,lab,32.605,False,True,982.22
125,706,6,V15,dotprobe_js,2018-02-10 17:43:00,18.2MB,2190MB,Windows 10,Microsoft Windows,10,Intel HD Graphics 620,integrated,Chrome 63,Chrome,63,True,Success,EasyCamera,1280x720,0.4980392156862745,True,1536x864,1536x864,14.69,1.25,True,True,1,170,2018-02-10 11:45:44,2018-02-10 11:55:14,home,10.934000000000001,False,True,982.22
126,706,7,V15,dotprobe_js,2018-02-12 01:39:00,18.2MB,2190MB,Windows 10,Microsoft Windows,10,Intel HD Graphics 620,integrated,Chrome 63,Chrome,63,True,Success,EasyCamera,1280x720,0.4313725490196078,True,1536x864,1536x864,14.69,1.25,True,True,1,175,2018-02-11 19:41:15,2018-02-11 19:50:37,home,11.05,False,True,982.22
127,706,8,V15,dotprobe_js,2018-02-12 14:25:00,39.6MB,2190MB,Windows 10,Microsoft Windows,10,Intel HD Graphics 620,integrated,Chrome 63,Chrome,63,True,Success,EasyCamera,1280x720,0.4862745098039215,True,1536x864,1536x864,14.69,1.25,True,True,1,176,2018-02-12 08:27:13,2018-02-12 08:36:03,home,10.963,False,True,982.22
128,706,9,V15,dotprobe_js,2018-02-12 22:18:00,27.6MB,2190MB,Windows 8.1,Microsoft Windows,8.1,Intel HD Graphics 4600,integrated,Chrome 63,Chrome,63,True,Success,C922,1280x720,0.5490196078431373,True,1920x1080,1920x1080,22.95,1,True,True,1,191,2018-02-12 16:20:33,2018-02-12 16:47:16,lab,32.641,False,True,982.22
129,899,0,V31,dotprobe_js,2018-02-10 02:05:00,27.6MB,2190MB,Windows 10,Microsoft Windows,10,Intel HD Graphics 530,integrated,Chrome 64,Chrome,64,True,Success,Integrated,1280x720,0.4117647058823529,True,1280x1024,1280x1024,17.07,1,True,True,0.9142857142857144,168,2018-02-09 20:09:24,2018-02-09 20:18:25,home,10.795,False,True,995.7398
130,899,10,V31,dotprobe_js,2018-02-23 00:41:00,24.5MB,2190MB,Windows 8.1,Microsoft Windows,8.1,Intel HD Graphics 4600,integrated,Chrome 63,Chrome,63,True,Success,C922,1280x720,0.5725490196078431,True,1920x1080,1920x1080,22.95,1,True,True,1,266,2018-02-22 18:42:46,2018-02-22 19:08:33,lab,32.347,False,True,995.7398
131,899,11,V31,dotprobe_js,2018-02-25 00:59:00,27.6MB,2190MB,Mac OS X 10.11.6,macOS,10.11.6,Intel HD Graphics 6000,integrated,Chrome 64,Chrome,64,True,Success,FaceTime,1280x720,0.4745098039215686,True,1440x900,1440x900,17.69,1,True,True,1,277,2018-02-24 19:01:11,2018-02-24 19:10:03,home,10.927,False,True,995.7398
132,899,12,V31,dotprobe_js,2018-02-27 05:26:00,29.4MB,2190MB,Mac OS X 10.11.6,macOS,10.11.6,Intel HD Graphics 6000,integrated,Chrome 64,Chrome,64,True,Success,FaceTime,1280x720,0.3843137254901961,True,1440x900,1440x900,17.69,1,True,True,1,289,2018-02-26 23:28:38,2018-02-26 23:37:37,home,10.765999999999998,False,True,995.7398
133,899,13,V31,dotprobe_js,2018-02-27 18:33:00,29.4MB,2190MB,Mac OS X 10.11.6,macOS,10.11.6,Intel HD Graphics 6000,integrated,Chrome 64,Chrome,64,True,Success,FaceTime,1280x720,0.5960784313725489,True,1440x900,1440x900,17.69,1,True,True,1,290,2018-02-27 12:35:25,2018-02-27 12:44:18,home,10.892000000000001,False,True,995.7398
134,899,14,V31,dotprobe_js,2018-02-28 21:26:00,27.6MB,2190MB,Windows 8.1,Microsoft Windows,8.1,Intel HD Graphics 4600,integrated,Chrome 64,Chrome,64,True,Success,C922,1280x720,0.6078431372549019,True,1920x1080,1920x1080,22.95,1,True,True,1,299,2018-02-28 15:28:33,2018-02-28 15:53:39,lab,33.193000000000005,False,True,995.7398
135,899,15,V31,dotprobe_js,2018-03-02 21:41:00,27.6MB,2190MB,Mac OS X 10.11.6,macOS,10.11.6,Intel HD Graphics 6000,integrated,Chrome 64,Chrome,64,True,Success,FaceTime,1280x720,0.3411764705882353,True,1440x900,1440x900,17.69,1,True,True,1,306,2018-03-02 15:42:48,2018-03-02 15:51:45,home,10.806,False,True,995.7398
136,899,16,V31,dotprobe_js,2018-03-05 22:51:00,29.4MB,2190MB,Mac OS X 10.11.6,macOS,10.11.6,Intel HD Graphics 6000,integrated,Chrome 64,Chrome,64,True,Success,FaceTime,1280x720,0.5843137254901961,True,1440x900,1440x900,17.69,1,True,True,1,312,2018-03-05 16:52:54,2018-03-05 17:01:53,home,10.728,False,True,995.7398
137,899,17,V31,dotprobe_js,2018-03-07 00:30:00,29.4MB,2190MB,Windows 8.1,Microsoft Windows,8.1,Intel HD Graphics 4600,integrated,Chrome 64,Chrome,64,True,Success,C922,1280x720,0.5882352941176471,True,1920x1080,1920x1080,22.95,1,True,True,1,315,2018-03-06 18:31:58,2018-03-06 18:58:18,lab,32.306999999999995,False,True,995.7398
138,899,18,V31,dotprobe_js,2018-03-07 23:22:00,29.4MB,2190MB,Mac OS X 10.11.6,macOS,10.11.6,Intel HD Graphics 6000,integrated,Chrome 64,Chrome,64,True,Success,FaceTime,1280x720,0.5254901960784314,True,1440x900,1440x900,17.69,1,True,True,1,321,2018-03-07 17:24:10,2018-03-07 17:33:08,home,10.89,False,True,995.7398
139,899,1,V31,dotprobe_js,2018-02-10 18:11:00,29.4MB,2190MB,Mac OS X 10.11.6,macOS,10.11.6,Intel HD Graphics 6000,integrated,Chrome 64,Chrome,64,True,Success,FaceTime,1280x720,0.5803921568627451,True,1440x900,1440x900,17.69,1,True,True,1,171,2018-02-10 12:13:44,2018-02-10 12:22:46,home,10.960999999999999,False,True,995.7398
140,899,2,V31,dotprobe_js,2018-02-13 04:44:00,27.6MB,2190MB,Mac OS X 10.11.6,macOS,10.11.6,Intel HD Graphics 6000,integrated,Chrome 64,Chrome,64,True,Success,FaceTime,1280x720,0.5725490196078431,True,1440x900,1440x900,17.69,1,True,True,1,192,2018-02-12 22:46:32,2018-02-12 22:55:45,home,10.672,False,True,995.7398
141,899,3,V31,dotprobe_js,2018-02-13 22:58:00,27.6MB,2190MB,Mac OS X 10.11.6,macOS,10.11.6,Intel HD Graphics 6000,integrated,Chrome 64,Chrome,64,True,Success,FaceTime,1280x720,0.3725490196078431,True,1440x900,1440x900,17.69,1,True,True,1,202,2018-02-13 17:01:20,2018-02-13 17:10:17,home,11.052999999999999,False,True,995.7398
142,899,4,V31,dotprobe_js,2018-02-14 21:31:00,23.1MB,2190MB,Windows 8.1,Microsoft Windows,8.1,Intel HD Graphics 4600,integrated,Chrome 63,Chrome,63,True,Success,C922,1280x720,0.5568627450980392,True,1920x1080,1920x1080,22.95,1,True,True,1,210,2018-02-14 15:33:00,2018-02-14 15:58:01,lab,33.132,False,True,995.7398
143,899,5,V31,dotprobe_js,2018-02-15 23:07:00,27.6MB,2190MB,Windows 8.1,Microsoft Windows,8.1,Intel HD Graphics 4600,integrated,Chrome 63,Chrome,63,True,Success,C922,1280x720,0.611764705882353,True,1920x1080,1920x1080,22.95,1,True,True,1,213,2018-02-15 17:09:08,2018-02-15 17:35:09,lab,33.234,False,True,995.7398
144,899,6,V31,dotprobe_js,2018-02-17 18:13:00,27.6MB,2190MB,Mac OS X 10.11.6,macOS,10.11.6,Intel HD Graphics 6000,integrated,Chrome 64,Chrome,64,True,Success,FaceTime,1280x720,0.2941176470588235,True,1440x900,1440x900,17.69,1,True,True,0.8021428571428572,217,2018-02-17 12:15:10,2018-02-17 12:24:17,home,11.054,False,True,995.7398
145,899,7,V31,dotprobe_js,2018-02-20 15:11:00,19.3MB,2190MB,Mac OS X 10.11.6,macOS,10.11.6,Intel HD Graphics 6000,integrated,Chrome 64,Chrome,64,True,Success,FaceTime,1280x720,0.5490196078431373,True,1440x900,1440x900,17.69,1,True,True,1,230,2018-02-20 09:14:15,2018-02-20 09:23:24,home,10.823,False,True,995.7398
146,899,8,V31,dotprobe_js,2018-02-21 06:56:00,27.6MB,2190MB,Mac OS X 10.11.6,macOS,10.11.6,Intel HD Graphics 6000,integrated,Chrome 64,Chrome,64,True,Success,FaceTime,1280x720,0.388235294117647,True,1440x900,1440x900,17.69,1,True,True,1,242,2018-02-21 00:58:35,2018-02-21 01:07:29,home,10.208,False,True,995.7398
147,899,9,V31,dotprobe_js,2018-02-21 21:31:00,26MB,2190MB,Windows 8.1,Microsoft Windows,8.1,Intel HD Graphics 4600,integrated,Chrome 63,Chrome,63,True,Success,C922,1280x720,0.5843137254901961,True,1920x1080,1920x1080,22.95,1,True,True,1,251,2018-02-21 15:33:19,2018-02-21 15:58:28,lab,32.789,False,True,995.7398
148,939,0,M56,dotprobe_js,2018-02-08 23:38:00,27.6MB,2190MB,Mac OS X 10.9.5,macOS,10.9.5,NVIDIA GeForce GTX 780M,dedicated,Chrome 64,Chrome,64,True,Success,FaceTime,1280x720,0.3568627450980392,True,2560x1440,2560x1440,30.6,1,True,True,1,165,2018-02-08 17:42:14,2018-02-08 17:51:38,lab,10.32,False,True,1106.9114
149,939,4,M56,dotprobe_js,2018-02-12 22:05:00,24.5MB,2190MB,Windows 8.1,Microsoft Windows,8.1,Intel HD Graphics 4600,integrated,Chrome 63,Chrome,63,True,Success,C922,1280x720,0.5294117647058824,True,1920x1080,1920x1080,22.95,1,True,True,1,190,2018-02-12 16:07:28,2018-02-12 16:31:36,lab,32.841,False,True,1106.9114
150,939,5,M56,dotprobe_js,2018-02-13 21:02:00,24.5MB,2190MB,Windows 8.1,Microsoft Windows,8.1,Intel HD Graphics 4600,integrated,Chrome 63,Chrome,63,True,Success,C922,1280x720,0.5647058823529412,True,1920x1080,1920x1080,22.95,1,True,True,1,198,2018-02-13 15:04:22,2018-02-13 15:28:34,lab,32.369,False,True,1106.9114
151,939,6,M56,dotprobe_js,2018-02-19 22:22:00,24.5MB,2190MB,Windows 8.1,Microsoft Windows,8.1,Intel HD Graphics 4600,integrated,Chrome 63,Chrome,63,True,Success,C922,1280x720,0.4823529411764706,True,1920x1080,1920x1080,22.95,1,True,True,1,227,2018-02-19 16:24:27,2018-02-19 16:48:50,lab,32.312,False,True,1106.9114
152,939,7,M56,dotprobe_js,2018-02-20 23:18:00,29.4MB,2190MB,Windows 8.1,Microsoft Windows,8.1,Intel HD Graphics 4600,integrated,Chrome 63,Chrome,63,True,Success,C922,1280x720,0.5647058823529412,True,1920x1080,1920x1080,22.95,1,True,True,1,240,2018-02-20 17:20:26,2018-02-20 17:44:58,lab,31.509,False,True,1106.9114
153,939,8,M56,dotprobe_js,2018-03-01 00:52:00,26MB,2190MB,Windows 8.1,Microsoft Windows,8.1,Intel HD Graphics 4600,integrated,Chrome 64,Chrome,64,True,Success,C922,1280x720,0.5725490196078431,True,1920x1080,1920x1080,22.95,1,True,True,1,302,2018-02-28 18:54:48,2018-02-28 19:19:35,lab,31.704,False,True,1106.9114
